Protein_change,y_true,y_proba,y_pred,Prediction
R1161H,1,0.9866666666666667,1,Pathogenic
L1201R,0,0.12988089853761492,0,Benign
M1209T,0,0.0,0,Benign
A1219P,1,1.0,1,Pathogenic
L1250P,1,1.0,1,Pathogenic
L1269Q,1,1.0,1,Pathogenic
E1271G,1,1.0,1,Pathogenic
I1272T,1,1.0,1,Pathogenic
L1274P,1,1.0,1,Pathogenic
I2166M,0,0.203551912568306,0,Benign
D2177N,0,0.0,0,Benign
F2188S,1,0.8120091089675489,1,Pathogenic
A2216E,1,1.0,1,Pathogenic
L2229P,1,0.9444444444444445,1,Pathogenic
E2233V,1,1.0,1,Pathogenic
