Protein_Change,y_true,y_proba,y_pred,Prediction
R1161C,1,1.0,1,Pathogenic
R1161H,1,1.0,1,Pathogenic
L1201R,0,0.2522056384742952,0,Benign
M1209T,0,0.0,0,Benign
A1219V,1,0.9878787878787879,1,Pathogenic
A1219P,1,1.0,1,Pathogenic
L1250P,1,1.0,1,Pathogenic
L1269Q,1,1.0,1,Pathogenic
E1271G,1,1.0,1,Pathogenic
I1272T,1,1.0,1,Pathogenic
L1274P,1,1.0,1,Pathogenic
I2166M,0,0.21976716559752907,0,Benign
D2177N,0,0.0,0,Benign
F2188S,1,0.8466790188101664,1,Pathogenic
A2216E,1,1.0,1,Pathogenic
A2216V,1,0.9516908212560388,1,Pathogenic
L2229P,1,1.0,1,Pathogenic
E2233V,1,0.9794871794871796,1,Pathogenic
