y_true,y_proba,y_pred
1,1.0,1
1,1.0,1
0,0.2522056384742952,0
0,0.0,0
1,0.9878787878787879,1
1,1.0,1
1,1.0,1
1,1.0,1
1,1.0,1
1,1.0,1
1,1.0,1
0,0.21976716559752907,0
0,0.0,0
1,0.8466790188101664,1
1,1.0,1
1,0.9516908212560388,1
1,1.0,1
1,0.9794871794871796,1
