y_true,y_proba,y_pred
1,1.0,1
0,0.24980361351139044,0
0,0.0,0
1,0.9478764478764479,1
1,1.0,1
1,1.0,1
1,1.0,1
1,1.0,1
1,1.0,1
0,0.2656414895220866,0
0,0.0,0
1,0.8612214498510427,1
1,1.0,1
1,0.9464285714285715,1
1,0.9622641509433962,1
