y_true,y_proba,y_pred
1,1.0,1
1,1.0,1
0,0.2313070776255708,0
0,0.0,0
1,0.9427083333333334,1
1,1.0,1
1,1.0,1
1,1.0,1
1,1.0,1
1,1.0,1
1,1.0,1
0,0.3174503968253968,0
0,0.0,0
1,0.8459034792368124,1
1,1.0,1
1,0.9717514124293786,1
1,1.0,1
1,1.0,1
