y_true,y_proba,y_pred
1,0.9866666666666667,1
0,0.12988089853761492,0
0,0.0,0
1,1.0,1
1,1.0,1
1,1.0,1
1,1.0,1
1,1.0,1
1,1.0,1
0,0.203551912568306,0
0,0.0,0
1,0.8120091089675489,1
1,1.0,1
1,0.9444444444444445,1
1,1.0,1
