true_roc_auc,true_accuracy,true_precision,true_sensitivity,true_specificity,p_roc_auc,p_accuracy,p_precision,p_sensitivity,p_specificity
1.0,1.0,1.0,1.0,1.0,0.0006533812479581836,0.0003266906239790918,0.0003266906239790918,0.30839594903626266,0.0003266906239790918
