true_roc_auc,true_accuracy,true_precision,true_sensitivity,true_specificity,p_roc_auc,p_accuracy,p_precision,p_sensitivity,p_specificity
1.0,1.0,1.0,1.0,1.0,0.0021961932650073207,0.0014641288433382138,0.0014641288433382138,0.18887262079062958,0.0014641288433382138
