Feature_Set,true_roc_auc,true_accuracy,true_precision,true_sensitivity,true_specificity,p_roc_auc,p_accuracy,p_precision,p_sensitivity,p_specificity
full,1.0,0.9333333333333333,0.9166666666666666,1.0,0.75,0.0014641288433382138,0.0021961932650073207,0.0021961932650073207,0.20790629575402636,0.008052708638360176
reduced,1.0,1.0,1.0,1.0,1.0,0.0021961932650073207,0.0014641288433382138,0.0014641288433382138,0.18887262079062958,0.0014641288433382138
