Protein_change,SIFT_SCORE,GRANTHAM_SCORE,REVEL_SCORE,MetaRNN_SCORE,MutScore_SCORE,GERP_SCORE,MT_SCORE,MA_SCORE,PROVEAN_SCORE,DEOGEN2_SCORE,LIST-S2_SCORE
K2172R,0.26,26,0.576,0.11035228,0.027,-5.18,0.83,0.245,-0.64,0.333752,0.665433
P2174L,0.65,98,0.659,0.4365887,0.768,0.889,0.54,0.55,-2.86,0.657804,0.756924
L2179P,0.23,98,0.355,0.12566489,0.348,-0.459,0.35,0.62,0.43,0.283502,0.724428
I2231V,0.52,29,0.652,0.26163745,0.39,0.361,0.69,2.24,-0.49,0.335974,0.853715
